<?xml version="1.0" encoding="utf-8" ?><dwsync><file name=".DS_Store" server="ftp.avarde.com/www/ui/" local="3519016134" remote="318763443912000132" Dst="-1" /><file name="cerulean.css" server="ftp.avarde.com/www/ui/" local="3516755457" remote="318763443912000132" Dst="-1" /><file name="cosmo.css" server="ftp.avarde.com/www/ui/" local="3516755473" remote="318763443912000132" Dst="-1" /><file name="cyborg.css" server="ftp.avarde.com/www/ui/" local="3516755502" remote="318763443912000132" Dst="-1" /><file name="darkly.css" server="ftp.avarde.com/www/ui/" local="3519016184" remote="318763443912000132" Dst="-1" /><file name="flatly.css" server="ftp.avarde.com/www/ui/" local="3519016501" remote="318763443912000132" Dst="-1" /><file name="journal.css" server="ftp.avarde.com/www/ui/" local="3519016516" remote="318763443912000132" Dst="-1" /><file name="lumen.css" server="ftp.avarde.com/www/ui/" local="3519016545" remote="318763443912000132" Dst="-1" /><file name="paper.css" server="ftp.avarde.com/www/ui/" local="3519016559" remote="318763443912000132" Dst="-1" /><file name="readable.css" server="ftp.avarde.com/www/ui/" local="3519016578" remote="318763443912000132" Dst="-1" /><file name="sandstone.css" server="ftp.avarde.com/www/ui/" local="3519016626" remote="318763443912000132" Dst="-1" /><file name="simplex.css" server="ftp.avarde.com/www/ui/" local="3519016646" remote="318763443912000132" Dst="-1" /><file name="slate.css" server="ftp.avarde.com/www/ui/" local="3519016669" remote="318763443912000132" Dst="-1" /><file name="spacelab.css" server="ftp.avarde.com/www/ui/" local="3519016687" remote="318763443912000132" Dst="-1" /><file name="superhero.css" server="ftp.avarde.com/www/ui/" local="3519016712" remote="318763443912000132" Dst="-1" /><file name="united.css" server="ftp.avarde.com/www/ui/" local="3519016729" remote="318763443912000132" Dst="-1" /><file name="yeti.css" server="ftp.avarde.com/www/ui/" local="3519016747" remote="318763443912000132" Dst="-1" /></dwsync>