<?xml version="1.0" encoding="utf-8" ?><dwsync><file name="book.svg" server="ftp.avarde.com/www/ui/" local="3514995294" remote="318763443912000192" Dst="-1" /><file name="calendar.svg" server="ftp.avarde.com/www/ui/" local="3514995294" remote="318763443912000192" Dst="-1" /><file name="chat.svg" server="ftp.avarde.com/www/ui/" local="3514995294" remote="318763443912000192" Dst="-1" /><file name="clipboard.svg" server="ftp.avarde.com/www/ui/" local="3514995294" remote="318763443912000192" Dst="-1" /><file name="clocks.svg" server="ftp.avarde.com/www/ui/" local="3514995294" remote="318763443912000192" Dst="-1" /><file name="compas.svg" server="ftp.avarde.com/www/ui/" local="3514995294" remote="318763443912000192" Dst="-1" /><file name="gift-box.svg" server="ftp.avarde.com/www/ui/" local="3514995294" remote="318763443912000192" Dst="-1" /><file name="loop.svg" server="ftp.avarde.com/www/ui/" local="3514995294" remote="318763443912000192" Dst="-1" /><file name="mail.svg" server="ftp.avarde.com/www/ui/" local="3514995294" remote="318763443912000192" Dst="-1" /><file name="map.svg" server="ftp.avarde.com/www/ui/" local="3514995294" remote="318763443912000192" Dst="-1" /><file name="paper-bag.svg" server="ftp.avarde.com/www/ui/" local="3514995294" remote="318763443912000192" Dst="-1" /><file name="pencils.svg" server="ftp.avarde.com/www/ui/" local="3514995294" remote="318763443912000192" Dst="-1" /><file name="retina.svg" server="ftp.avarde.com/www/ui/" local="3514995294" remote="318763443912000192" Dst="-1" /><file name="ribbon.svg" server="ftp.avarde.com/www/ui/" local="3514995294" remote="318763443912000192" Dst="-1" /><file name="toilet-paper.svg" server="ftp.avarde.com/www/ui/" local="3514995294" remote="318763443912000192" Dst="-1" /></dwsync>