<?xml version="1.0" encoding="utf-8" ?><dwsync><file name="Book.png" server="ftp.avarde.com/www/ui/" local="3514995294" remote="318763443912000192" Dst="-1" /><file name="Calendar.png" server="ftp.avarde.com/www/ui/" local="3514995294" remote="318763443912000192" Dst="-1" /><file name="Chat.png" server="ftp.avarde.com/www/ui/" local="3514995294" remote="318763443912000192" Dst="-1" /><file name="Clipboard.png" server="ftp.avarde.com/www/ui/" local="3514995294" remote="318763443912000192" Dst="-1" /><file name="Compas.png" server="ftp.avarde.com/www/ui/" local="3514995294" remote="318763443912000192" Dst="-1" /><file name="Gift-Box.png" server="ftp.avarde.com/www/ui/" local="3514995294" remote="318763443912000192" Dst="-1" /><file name="Infinity-Loop.png" server="ftp.avarde.com/www/ui/" local="3514995294" remote="318763443912000192" Dst="-1" /><file name="Mail.png" server="ftp.avarde.com/www/ui/" local="3514995294" remote="318763443912000192" Dst="-1" /><file name="Map.png" server="ftp.avarde.com/www/ui/" local="3514995294" remote="318763443912000192" Dst="-1" /><file name="Pensils.png" server="ftp.avarde.com/www/ui/" local="3514995294" remote="318763443912000192" Dst="-1" /><file name="Pocket.png" server="ftp.avarde.com/www/ui/" local="3514995294" remote="318763443912000192" Dst="-1" /><file name="Retina-Ready.png" server="ftp.avarde.com/www/ui/" local="3514995294" remote="318763443912000192" Dst="-1" /><file name="Toilet-Paper.png" server="ftp.avarde.com/www/ui/" local="3514995294" remote="318763443912000192" Dst="-1" /><file name="Watches.png" server="ftp.avarde.com/www/ui/" local="3514995294" remote="318763443912000192" Dst="-1" /></dwsync>